Language,Layer Index,Prob English Target,Prob Native Target,English vs Native Ratio
Hindi,0,0.0,0.0,1.0
Hindi,1,8.046627044677734e-07,3.725290298461914e-08,5.80819215858736
Hindi,2,4.470348358154297e-08,2.2351741790771484e-07,0.5229932371589757
Hindi,3,4.470348358154297e-08,9.685754776000977e-08,1.0945853997310748
Hindi,4,1.9371509552001953e-07,1.564621925354004e-07,1.5560822825361742
Hindi,5,6.034970283508301e-07,1.1175870895385742e-07,2.7607970527675407
Hindi,6,2.2351741790771484e-08,2.2351741790771484e-08,1.0278243287013997
Hindi,7,4.470348358154297e-08,7.450580596923828e-09,1.3725290298461914
Hindi,8,4.470348358154297e-08,3.725290298461914e-08,1.1731682214025807
Hindi,9,4.470348358154297e-08,6.705522537231445e-08,1.171736438711833
Hindi,10,2.1606683731079102e-07,5.21540641784668e-08,2.200809519312388
Hindi,11,3.5762786865234375e-07,2.086162567138672e-07,1.571949027718814
Hindi,12,1.043081283569336e-07,6.705522537231445e-08,1.4009061149227695
Hindi,13,1.6391277313232422e-07,2.8312206268310547e-07,0.6980826855477952
Hindi,14,2.384185791015625e-07,1.341104507446289e-07,1.4155478786896845
Hindi,15,3.203749656677246e-07,1.4156103134155273e-07,2.1273155908913863
Hindi,16,2.682209014892578e-07,4.3213367462158203e-07,1.380748347150059
Hindi,17,1.2367963790893555e-06,6.034970283508301e-07,8.632610846897606
Hindi,18,6.705522537231445e-06,0.0008802339434623718,0.041417855795279665
Hindi,19,1.0013580322265625e-05,0.0012592896819114685,0.0347060660239086
Hindi,20,3.2275915145874023e-05,0.001023620367050171,0.02750726646468811
Hindi,21,0.0005471780896186829,0.004132717847824097,0.07389351230998643
Hindi,22,0.0004114210605621338,0.007777571678161621,0.029449853108183776
Hindi,23,0.00020559877157211304,0.0185089111328125,0.006328306467399867
Hindi,24,7.450580596923828e-08,0.008515246212482452,0.002610734833940767
Telugu,0,0.0,0.0,1.0
Telugu,1,8.344650268554688e-07,6.705522537231445e-08,5.605103475559962
Telugu,2,7.450580596923828e-09,5.736947059631348e-07,0.26645406638322927
Telugu,3,2.2351741790771484e-08,9.015202522277832e-07,0.4147377213558806
Telugu,4,1.4901161193847656e-08,2.4586915969848633e-06,0.3013534412798015
Telugu,5,2.086162567138672e-07,4.135072231292725e-06,0.6503432187868455
Telugu,6,3.725290298461914e-08,5.438923835754395e-07,0.5455579485510579
Telugu,7,2.2351741790771484e-08,3.501772880554199e-07,0.7471987998263899
Telugu,8,2.9802322387695312e-08,4.842877388000488e-07,0.5801033545882391
Telugu,9,3.725290298461914e-08,4.3958425521850586e-07,0.7723216729068029
Telugu,10,8.940696716308594e-08,7.152557373046875e-07,0.7251317117570112
Telugu,11,7.450580596923828e-08,1.214444637298584e-06,0.6172484379287274
Telugu,12,2.9802322387695312e-08,8.046627044677734e-07,0.5544811792730631
Telugu,13,5.21540641784668e-08,1.6838312149047852e-06,0.3210932483008043
Telugu,14,4.470348358154297e-08,5.811452865600586e-07,0.4858328715996926
Telugu,15,2.2351741790771484e-08,8.195638656616211e-07,0.39388483236824257
Telugu,16,3.725290298461914e-08,1.1101365089416504e-06,0.26055700497894735
Telugu,17,3.725290298461914e-08,5.885958671569824e-07,0.35741859249677027
Telugu,18,2.086162567138672e-07,4.388391971588135e-06,1.3245845866974844
Telugu,19,1.385807991027832e-06,4.4852495193481445e-06,8.627443593279763
Telugu,20,9.164214134216309e-07,8.605420589447021e-06,2.2789375995315355
Telugu,21,2.734363079071045e-06,0.0001100003719329834,2.0804247083558867
Telugu,22,1.835078001022339e-05,0.021776914596557617,0.015596668359436438
Telugu,23,2.7954578399658203e-05,0.02764582633972168,0.008050831601011863
Telugu,24,1.4901161193847656e-08,0.08361956477165222,0.00030175071043771944
